{
	"name": "jquery.mb.miniAudioPlayer",
	"title": "jQuery mb.miniAudioPlayer",
	"description": "This plugin let you add a minimal full featured player that takes advantage of the new HTML5 AUDIO tag with a flash fallback for browsers that don't support it. It is built on the jPlayer library",
	"keywords": [
		"audio",
		"HTML5",
		"player",
		"jPlayer",
		"ui"
	],
	"version": "1.7.8",
	"author": {
		"name": "Pupunzi (Matteo Bicocchi)",
		"email": "matteo@open-lab.com",
		"url": "http://pupunzi.com"
	},
	"maintainers": [
		{
			"name": "Pupunzi (Matteo Bicocchi)",
			"email": "matteo@open-lab.com",
			"url": "http://pupunzi.open-lab.com"
		}
	],
	"licenses": [
		{
			"type": "MIT",
			"url": "https://github.com/pupunzi/jquery.mb.miniAudioPlayer/blob/master/licenses/GPL-LICENSE.txt"
		},
		{
			"type": "GPL",
			"url": "https://github.com/pupunzi/jquery.mb.miniAudioPlayer/blob/master/licenses/GPL-LICENSE.txt"
		}
	],
	"bugs": "https://github.com/pupunzi/jquery.mb.miniAudioPlayer/issues",
	"homepage": "http://pupunzi.open-lab.com/mb-jquery-components/jquery-mb-miniaudioplayer/",
	"demo": "http://pupunzi.com/#mb.components/mb.miniAudioPlayer/miniAudioPlayer.html",
	"docs": "https://github.com/pupunzi/jquery.mb.miniAudioPlayer/wiki",
	"download": "http://pupunzi.open-lab.com/mb-jquery-components/jquery-mb-miniaudioplayer/",
	"dependencies": {
		"jquery": ">=1.8"
	}
}
